{
  "hash": "c53e4865",
  "configHash": "d2e3fa8e",
  "lockfileHash": "751c697f",
  "browserHash": "87f92e4e",
  "optimized": {
    "@angular/cdk/accordion": {
      "src": "../../../../../node_modules/@angular/cdk/fesm2022/accordion.mjs",
      "file": "@angular_cdk_accordion.js",
      "fileHash": "2a176d3a",
      "needsInterop": false
    },
    "@angular/cdk/drag-drop": {
      "src": "../../../../../node_modules/@angular/cdk/fesm2022/drag-drop.mjs",
      "file": "@angular_cdk_drag-drop.js",
      "fileHash": "5729785d",
      "needsInterop": false
    },
    "@angular/common": {
      "src": "../../../../../node_modules/@angular/common/fesm2022/common.mjs",
      "file": "@angular_common.js",
      "fileHash": "140f6d1b",
      "needsInterop": false
    },
    "@angular/common/http": {
      "src": "../../../../../node_modules/@angular/common/fesm2022/http.mjs",
      "file": "@angular_common_http.js",
      "fileHash": "0bd30c5f",
      "needsInterop": false
    },
    "@angular/core": {
      "src": "../../../../../node_modules/@angular/core/fesm2022/core.mjs",
      "file": "@angular_core.js",
      "fileHash": "d1a596b7",
      "needsInterop": false
    },
    "@angular/forms": {
      "src": "../../../../../node_modules/@angular/forms/fesm2022/forms.mjs",
      "file": "@angular_forms.js",
      "fileHash": "8e5bf171",
      "needsInterop": false
    },
    "@angular/material/button": {
      "src": "../../../../../node_modules/@angular/material/fesm2022/button.mjs",
      "file": "@angular_material_button.js",
      "fileHash": "cac99759",
      "needsInterop": false
    },
    "@angular/material/card": {
      "src": "../../../../../node_modules/@angular/material/fesm2022/card.mjs",
      "file": "@angular_material_card.js",
      "fileHash": "85bf4669",
      "needsInterop": false
    },
    "@angular/material/core": {
      "src": "../../../../../node_modules/@angular/material/fesm2022/core.mjs",
      "file": "@angular_material_core.js",
      "fileHash": "e71e776c",
      "needsInterop": false
    },
    "@angular/material/datepicker": {
      "src": "../../../../../node_modules/@angular/material/fesm2022/datepicker.mjs",
      "file": "@angular_material_datepicker.js",
      "fileHash": "212d2374",
      "needsInterop": false
    },
    "@angular/material/dialog": {
      "src": "../../../../../node_modules/@angular/material/fesm2022/dialog.mjs",
      "file": "@angular_material_dialog.js",
      "fileHash": "0896d8ee",
      "needsInterop": false
    },
    "@angular/material/form-field": {
      "src": "../../../../../node_modules/@angular/material/fesm2022/form-field.mjs",
      "file": "@angular_material_form-field.js",
      "fileHash": "740236d4",
      "needsInterop": false
    },
    "@angular/material/icon": {
      "src": "../../../../../node_modules/@angular/material/fesm2022/icon.mjs",
      "file": "@angular_material_icon.js",
      "fileHash": "3e37e970",
      "needsInterop": false
    },
    "@angular/material/input": {
      "src": "../../../../../node_modules/@angular/material/fesm2022/input.mjs",
      "file": "@angular_material_input.js",
      "fileHash": "78b574ec",
      "needsInterop": false
    },
    "@angular/material/paginator": {
      "src": "../../../../../node_modules/@angular/material/fesm2022/paginator.mjs",
      "file": "@angular_material_paginator.js",
      "fileHash": "5d8f4d57",
      "needsInterop": false
    },
    "@angular/material/progress-spinner": {
      "src": "../../../../../node_modules/@angular/material/fesm2022/progress-spinner.mjs",
      "file": "@angular_material_progress-spinner.js",
      "fileHash": "e63b57b2",
      "needsInterop": false
    },
    "@angular/material/select": {
      "src": "../../../../../node_modules/@angular/material/fesm2022/select.mjs",
      "file": "@angular_material_select.js",
      "fileHash": "b36a1783",
      "needsInterop": false
    },
    "@angular/material/table": {
      "src": "../../../../../node_modules/@angular/material/fesm2022/table.mjs",
      "file": "@angular_material_table.js",
      "fileHash": "088830d4",
      "needsInterop": false
    },
    "@angular/material/tabs": {
      "src": "../../../../../node_modules/@angular/material/fesm2022/tabs.mjs",
      "file": "@angular_material_tabs.js",
      "fileHash": "af29b700",
      "needsInterop": false
    },
    "@angular/material/tooltip": {
      "src": "../../../../../node_modules/@angular/material/fesm2022/tooltip.mjs",
      "file": "@angular_material_tooltip.js",
      "fileHash": "631f2353",
      "needsInterop": false
    },
    "@angular/platform-browser": {
      "src": "../../../../../node_modules/@angular/platform-browser/fesm2022/platform-browser.mjs",
      "file": "@angular_platform-browser.js",
      "fileHash": "2bf6595e",
      "needsInterop": false
    },
    "@angular/platform-browser/animations": {
      "src": "../../../../../node_modules/@angular/platform-browser/fesm2022/animations.mjs",
      "file": "@angular_platform-browser_animations.js",
      "fileHash": "14d4999f",
      "needsInterop": false
    },
    "@angular/platform-browser/animations/async": {
      "src": "../../../../../node_modules/@angular/platform-browser/fesm2022/animations/async.mjs",
      "file": "@angular_platform-browser_animations_async.js",
      "fileHash": "2b6d31fa",
      "needsInterop": false
    },
    "@angular/router": {
      "src": "../../../../../node_modules/@angular/router/fesm2022/router.mjs",
      "file": "@angular_router.js",
      "fileHash": "f219669f",
      "needsInterop": false
    },
    "@ngrx/store": {
      "src": "../../../../../node_modules/@ngrx/store/fesm2022/ngrx-store.mjs",
      "file": "@ngrx_store.js",
      "fileHash": "8f322718",
      "needsInterop": false
    },
    "rxjs": {
      "src": "../../../../../node_modules/rxjs/dist/esm5/index.js",
      "file": "rxjs.js",
      "fileHash": "768e9ade",
      "needsInterop": false
    },
    "sweetalert2": {
      "src": "../../../../../node_modules/sweetalert2/dist/sweetalert2.all.js",
      "file": "sweetalert2.js",
      "fileHash": "5b6a6e3c",
      "needsInterop": true
    }
  },
  "chunks": {
    "browser-RUWCOT7T": {
      "file": "browser-RUWCOT7T.js"
    },
    "chunk-UPXX5UJ3": {
      "file": "chunk-UPXX5UJ3.js"
    },
    "chunk-JQAKUMNY": {
      "file": "chunk-JQAKUMNY.js"
    },
    "chunk-EQI3KOSZ": {
      "file": "chunk-EQI3KOSZ.js"
    },
    "chunk-N3NRU4MU": {
      "file": "chunk-N3NRU4MU.js"
    },
    "chunk-UQNNGNBD": {
      "file": "chunk-UQNNGNBD.js"
    },
    "chunk-6FJVUSIV": {
      "file": "chunk-6FJVUSIV.js"
    },
    "chunk-5DZTLQCU": {
      "file": "chunk-5DZTLQCU.js"
    },
    "chunk-VX43SCYE": {
      "file": "chunk-VX43SCYE.js"
    },
    "chunk-PRARA7CE": {
      "file": "chunk-PRARA7CE.js"
    },
    "chunk-LU2H7H7R": {
      "file": "chunk-LU2H7H7R.js"
    },
    "chunk-RGVN2IDC": {
      "file": "chunk-RGVN2IDC.js"
    },
    "chunk-TZ4TPVAX": {
      "file": "chunk-TZ4TPVAX.js"
    },
    "chunk-CKK5KTXG": {
      "file": "chunk-CKK5KTXG.js"
    },
    "chunk-SPVETP54": {
      "file": "chunk-SPVETP54.js"
    },
    "chunk-WVC4LVIG": {
      "file": "chunk-WVC4LVIG.js"
    },
    "chunk-OWIHLRK5": {
      "file": "chunk-OWIHLRK5.js"
    },
    "chunk-LG6LBML5": {
      "file": "chunk-LG6LBML5.js"
    },
    "chunk-U2ABXGDH": {
      "file": "chunk-U2ABXGDH.js"
    },
    "chunk-WSA2QMXP": {
      "file": "chunk-WSA2QMXP.js"
    },
    "chunk-WKYGNSYM": {
      "file": "chunk-WKYGNSYM.js"
    }
  }
}